dispatch_id,module_name,vmfb_path,mlir_path,mean_time,mean_unit,mean_time_ns,returncode,log_path,source,op,shape,cycles
0,yolov8_nano$dispatch_0_V256D128_rvv_curated_conv2d_s8_N1xIC3xIH160xIW160xOC16xOH80xOW80xKH3xKW3xSH2xSW2xPH1xPW1,,,8.566232,ms,8566232.000000,0,,firesim,conv2d_s8,N=1;IC=3;IH=160;IW=160;OC=16;OH=80;OW=80;KH=3;KW=3;SH=2;SW=2;PH=1;PW=1,8566232
1,yolov8_nano$dispatch_1_V256D128_rvv_curated_batchnorm2d_s8_N1xC16xH80xW80,,,8.600418,ms,8600418.000000,0,,firesim,batchnorm2d_s8,N=1;C=16;H=80;W=80,8600418
2,yolov8_nano$dispatch_2_V256D128_rvv_curated_silu_s8_n102400,,,29.099546,ms,29099546.000000,0,,firesim,silu_s8,n=102400,29099546
3,yolov8_nano$dispatch_3_V256D128_rvv_curated_conv2d_s8_N1xIC16xIH80xIW80xOC32xOH40xOW40xKH3xKW3xSH2xSW2xPH1xPW1,,,8.061676,ms,8061676.000000,0,,firesim,conv2d_s8,N=1;IC=16;IH=80;IW=80;OC=32;OH=40;OW=40;KH=3;KW=3;SH=2;SW=2;PH=1;PW=1,8061676
4,yolov8_nano$dispatch_4_V256D128_rvv_curated_batchnorm2d_s8_N1xC32xH40xW40,,,4.258494,ms,4258494.000000,0,,firesim,batchnorm2d_s8,N=1;C=32;H=40;W=40,4258494
5,yolov8_nano$dispatch_5_V256D128_rvv_curated_silu_s8_n51200,,,14.040167,ms,14040167.000000,0,,firesim,silu_s8,n=51200,14040167
6,yolov8_nano$dispatch_6_V256D128_rvv_curated_conv2d_s8_N1xIC32xIH40xIW40xOC32xOH40xOW40xKH1xKW1xSH1xSW1xPH0xPW0,,,4.118598,ms,4118598.000000,0,,firesim,conv2d_s8,N=1;IC=32;IH=40;IW=40;OC=32;OH=40;OW=40;KH=1;KW=1;SH=1;SW=1;PH=0;PW=0,4118598
7,yolov8_nano$dispatch_7_V256D128_rvv_curated_batchnorm2d_s8_N1xC32xH40xW40,,,4.298689,ms,4298689.000000,0,,firesim,batchnorm2d_s8,N=1;C=32;H=40;W=40,4298689
8,yolov8_nano$dispatch_8_V256D128_rvv_curated_silu_s8_n51200,,,13.933645,ms,13933645.000000,0,,firesim,silu_s8,n=51200,13933645
10,yolov8_nano$dispatch_10_V256D128_rvv_curated_conv2d_s8_N1xIC16xIH40xIW40xOC16xOH40xOW40xKH3xKW3xSH1xSW1xPH1xPW1,,,7.170190,ms,7170190.000000,0,,firesim,conv2d_s8,N=1;IC=16;IH=40;IW=40;OC=16;OH=40;OW=40;KH=3;KW=3;SH=1;SW=1;PH=1;PW=1,7170190
11,yolov8_nano$dispatch_11_V256D128_rvv_curated_batchnorm2d_s8_N1xC16xH40xW40,,,2.138906,ms,2138906.000000,0,,firesim,batchnorm2d_s8,N=1;C=16;H=40;W=40,2138906
12,yolov8_nano$dispatch_12_V256D128_rvv_curated_silu_s8_n25600,,,7.143569,ms,7143569.000000,0,,firesim,silu_s8,n=25600,7143569
13,yolov8_nano$dispatch_13_V256D128_rvv_curated_conv2d_s8_N1xIC16xIH40xIW40xOC16xOH40xOW40xKH3xKW3xSH1xSW1xPH1xPW1,,,7.165632,ms,7165632.000000,0,,firesim,conv2d_s8,N=1;IC=16;IH=40;IW=40;OC=16;OH=40;OW=40;KH=3;KW=3;SH=1;SW=1;PH=1;PW=1,7165632
14,yolov8_nano$dispatch_14_V256D128_rvv_curated_batchnorm2d_s8_N1xC16xH40xW40,,,2.131316,ms,2131316.000000,0,,firesim,batchnorm2d_s8,N=1;C=16;H=40;W=40,2131316
15,yolov8_nano$dispatch_15_V256D128_rvv_curated_silu_s8_n25600,,,7.153217,ms,7153217.000000,0,,firesim,silu_s8,n=25600,7153217
16,yolov8_nano$dispatch_16_V256D128_rvv_curated_add_s8_n25600,,,2.014631,ms,2014631.000000,0,,firesim,add_s8,n=25600,2014631
17,yolov8_nano$dispatch_17_V256D128_rvv_curated_cat3_c1_s8_N1xH40xW40xC_inputs161616xC_total48,,,4.647808,ms,4647808.000000,0,,firesim,cat3_c1_s8,N=1;H=40;W=40;C_inputs=16|16|16;C_total=48,4647808
18,yolov8_nano$dispatch_18_V256D128_rvv_curated_conv2d_s8_N1xIC48xIH40xIW40xOC32xOH40xOW40xKH1xKW1xSH1xSW1xPH0xPW0,,,5.326307,ms,5326307.000000,0,,firesim,conv2d_s8,N=1;IC=48;IH=40;IW=40;OC=32;OH=40;OW=40;KH=1;KW=1;SH=1;SW=1;PH=0;PW=0,5326307
19,yolov8_nano$dispatch_19_V256D128_rvv_curated_batchnorm2d_s8_N1xC32xH40xW40,,,4.300280,ms,4300280.000000,0,,firesim,batchnorm2d_s8,N=1;C=32;H=40;W=40,4300280
20,yolov8_nano$dispatch_20_V256D128_rvv_curated_silu_s8_n51200,,,14.160856,ms,14160856.000000,0,,firesim,silu_s8,n=51200,14160856
21,yolov8_nano$dispatch_21_V256D128_rvv_curated_conv2d_s8_N1xIC32xIH40xIW40xOC64xOH20xOW20xKH3xKW3xSH2xSW2xPH1xPW1,,,7.091221,ms,7091221.000000,0,,firesim,conv2d_s8,N=1;IC=32;IH=40;IW=40;OC=64;OH=20;OW=20;KH=3;KW=3;SH=2;SW=2;PH=1;PW=1,7091221
22,yolov8_nano$dispatch_22_V256D128_rvv_curated_batchnorm2d_s8_N1xC64xH20xW20,,,2.161987,ms,2161987.000000,0,,firesim,batchnorm2d_s8,N=1;C=64;H=20;W=20,2161987
23,yolov8_nano$dispatch_23_V256D128_rvv_curated_silu_s8_n25600,,,7.078290,ms,7078290.000000,0,,firesim,silu_s8,n=25600,7078290
24,yolov8_nano$dispatch_24_V256D128_rvv_curated_conv2d_s8_N1xIC64xIH20xIW20xOC64xOH20xOW20xKH1xKW1xSH1xSW1xPH0xPW0,,,3.242366,ms,3242366.000000,0,,firesim,conv2d_s8,N=1;IC=64;IH=20;IW=20;OC=64;OH=20;OW=20;KH=1;KW=1;SH=1;SW=1;PH=0;PW=0,3242366
25,yolov8_nano$dispatch_25_V256D128_rvv_curated_batchnorm2d_s8_N1xC64xH20xW20,,,2.160642,ms,2160642.000000,0,,firesim,batchnorm2d_s8,N=1;C=64;H=20;W=20,2160642
26,yolov8_nano$dispatch_26_V256D128_rvv_curated_silu_s8_n25600,,,6.991348,ms,6991348.000000,0,,firesim,silu_s8,n=25600,6991348
28,yolov8_nano$dispatch_28_V256D128_rvv_curated_conv2d_s8_N1xIC32xIH20xIW20xOC32xOH20xOW20xKH3xKW3xSH1xSW1xPH1xPW1,,,3.521280,ms,3521280.000000,0,,firesim,conv2d_s8,N=1;IC=32;IH=20;IW=20;OC=32;OH=20;OW=20;KH=3;KW=3;SH=1;SW=1;PH=1;PW=1,3521280
29,yolov8_nano$dispatch_29_V256D128_rvv_curated_batchnorm2d_s8_N1xC32xH20xW20,,,1.080514,ms,1080514.000000,0,,firesim,batchnorm2d_s8,N=1;C=32;H=20;W=20,1080514
30,yolov8_nano$dispatch_30_V256D128_rvv_curated_silu_s8_n12800,,,3.348514,ms,3348514.000000,0,,firesim,silu_s8,n=12800,3348514
31,yolov8_nano$dispatch_31_V256D128_rvv_curated_conv2d_s8_N1xIC32xIH20xIW20xOC32xOH20xOW20xKH3xKW3xSH1xSW1xPH1xPW1,,,3.523877,ms,3523877.000000,0,,firesim,conv2d_s8,N=1;IC=32;IH=20;IW=20;OC=32;OH=20;OW=20;KH=3;KW=3;SH=1;SW=1;PH=1;PW=1,3523877
32,yolov8_nano$dispatch_32_V256D128_rvv_curated_batchnorm2d_s8_N1xC32xH20xW20,,,1.083749,ms,1083749.000000,0,,firesim,batchnorm2d_s8,N=1;C=32;H=20;W=20,1083749
33,yolov8_nano$dispatch_33_V256D128_rvv_curated_silu_s8_n12800,,,3.435919,ms,3435919.000000,0,,firesim,silu_s8,n=12800,3435919
34,yolov8_nano$dispatch_34_V256D128_rvv_curated_add_s8_n12800,,,1.054620,ms,1054620.000000,0,,firesim,add_s8,n=12800,1054620
35,yolov8_nano$dispatch_35_V256D128_rvv_curated_conv2d_s8_N1xIC32xIH20xIW20xOC32xOH20xOW20xKH3xKW3xSH1xSW1xPH1xPW1,,,3.523116,ms,3523116.000000,0,,firesim,conv2d_s8,N=1;IC=32;IH=20;IW=20;OC=32;OH=20;OW=20;KH=3;KW=3;SH=1;SW=1;PH=1;PW=1,3523116
36,yolov8_nano$dispatch_36_V256D128_rvv_curated_batchnorm2d_s8_N1xC32xH20xW20,,,1.078272,ms,1078272.000000,0,,firesim,batchnorm2d_s8,N=1;C=32;H=20;W=20,1078272
37,yolov8_nano$dispatch_37_V256D128_rvv_curated_silu_s8_n12800,,,3.374376,ms,3374376.000000,0,,firesim,silu_s8,n=12800,3374376
38,yolov8_nano$dispatch_38_V256D128_rvv_curated_conv2d_s8_N1xIC32xIH20xIW20xOC32xOH20xOW20xKH3xKW3xSH1xSW1xPH1xPW1,,,3.522512,ms,3522512.000000,0,,firesim,conv2d_s8,N=1;IC=32;IH=20;IW=20;OC=32;OH=20;OW=20;KH=3;KW=3;SH=1;SW=1;PH=1;PW=1,3522512
39,yolov8_nano$dispatch_39_V256D128_rvv_curated_batchnorm2d_s8_N1xC32xH20xW20,,,1.082350,ms,1082350.000000,0,,firesim,batchnorm2d_s8,N=1;C=32;H=20;W=20,1082350
40,yolov8_nano$dispatch_40_V256D128_rvv_curated_silu_s8_n12800,,,3.535439,ms,3535439.000000,0,,firesim,silu_s8,n=12800,3535439
41,yolov8_nano$dispatch_41_V256D128_rvv_curated_add_s8_n12800,,,1.057985,ms,1057985.000000,0,,firesim,add_s8,n=12800,1057985
42,yolov8_nano$dispatch_42_V256D128_rvv_curated_cat4_c1_s8_N1xH20xW20xC_inputs32323232xC_total128,,,3.788114,ms,3788114.000000,0,,firesim,cat4_c1_s8,N=1;H=20;W=20;C_inputs=32|32|32|32;C_total=128,3788114
43,yolov8_nano$dispatch_43_V256D128_rvv_curated_conv2d_s8_N1xIC128xIH20xIW20xOC64xOH20xOW20xKH1xKW1xSH1xSW1xPH0xPW0,,,5.620195,ms,5620195.000000,0,,firesim,conv2d_s8,N=1;IC=128;IH=20;IW=20;OC=64;OH=20;OW=20;KH=1;KW=1;SH=1;SW=1;PH=0;PW=0,5620195
44,yolov8_nano$dispatch_44_V256D128_rvv_curated_batchnorm2d_s8_N1xC64xH20xW20,,,2.160539,ms,2160539.000000,0,,firesim,batchnorm2d_s8,N=1;C=64;H=20;W=20,2160539
45,yolov8_nano$dispatch_45_V256D128_rvv_curated_silu_s8_n25600,,,6.844924,ms,6844924.000000,0,,firesim,silu_s8,n=25600,6844924
46,yolov8_nano$dispatch_46_V256D128_rvv_curated_conv2d_s8_N1xIC64xIH20xIW20xOC128xOH10xOW10xKH3xKW3xSH2xSW2xPH1xPW1,,,6.584426,ms,6584426.000000,0,,firesim,conv2d_s8,N=1;IC=64;IH=20;IW=20;OC=128;OH=10;OW=10;KH=3;KW=3;SH=2;SW=2;PH=1;PW=1,6584426
47,yolov8_nano$dispatch_47_V256D128_rvv_curated_batchnorm2d_s8_N1xC128xH10xW10,,,1.093776,ms,1093776.000000,0,,firesim,batchnorm2d_s8,N=1;C=128;H=10;W=10,1093776
48,yolov8_nano$dispatch_48_V256D128_rvv_curated_silu_s8_n12800,,,3.460235,ms,3460235.000000,0,,firesim,silu_s8,n=12800,3460235
49,yolov8_nano$dispatch_49_V256D128_rvv_curated_conv2d_s8_N1xIC128xIH10xIW10xOC128xOH10xOW10xKH1xKW1xSH1xSW1xPH0xPW0,,,2.805889,ms,2805889.000000,0,,firesim,conv2d_s8,N=1;IC=128;IH=10;IW=10;OC=128;OH=10;OW=10;KH=1;KW=1;SH=1;SW=1;PH=0;PW=0,2805889
50,yolov8_nano$dispatch_50_V256D128_rvv_curated_batchnorm2d_s8_N1xC128xH10xW10,,,1.092055,ms,1092055.000000,0,,firesim,batchnorm2d_s8,N=1;C=128;H=10;W=10,1092055
51,yolov8_nano$dispatch_51_V256D128_rvv_curated_silu_s8_n12800,,,3.438758,ms,3438758.000000,0,,firesim,silu_s8,n=12800,3438758
53,yolov8_nano$dispatch_53_V256D128_rvv_curated_conv2d_s8_N1xIC64xIH10xIW10xOC64xOH10xOW10xKH3xKW3xSH1xSW1xPH1xPW1,,,3.251071,ms,3251071.000000,0,,firesim,conv2d_s8,N=1;IC=64;IH=10;IW=10;OC=64;OH=10;OW=10;KH=3;KW=3;SH=1;SW=1;PH=1;PW=1,3251071
54,yolov8_nano$dispatch_54_V256D128_rvv_curated_batchnorm2d_s8_N1xC64xH10xW10,,,0.548420,ms,548420.000000,0,,firesim,batchnorm2d_s8,N=1;C=64;H=10;W=10,548420
55,yolov8_nano$dispatch_55_V256D128_rvv_curated_silu_s8_n6400,,,1.701940,ms,1701940.000000,0,,firesim,silu_s8,n=6400,1701940
56,yolov8_nano$dispatch_56_V256D128_rvv_curated_conv2d_s8_N1xIC64xIH10xIW10xOC64xOH10xOW10xKH3xKW3xSH1xSW1xPH1xPW1,,,3.249948,ms,3249948.000000,0,,firesim,conv2d_s8,N=1;IC=64;IH=10;IW=10;OC=64;OH=10;OW=10;KH=3;KW=3;SH=1;SW=1;PH=1;PW=1,3249948
57,yolov8_nano$dispatch_57_V256D128_rvv_curated_batchnorm2d_s8_N1xC64xH10xW10,,,0.544306,ms,544306.000000,0,,firesim,batchnorm2d_s8,N=1;C=64;H=10;W=10,544306
58,yolov8_nano$dispatch_58_V256D128_rvv_curated_silu_s8_n6400,,,1.662312,ms,1662312.000000,0,,firesim,silu_s8,n=6400,1662312
59,yolov8_nano$dispatch_59_V256D128_rvv_curated_add_s8_n6400,,,0.529663,ms,529663.000000,0,,firesim,add_s8,n=6400,529663
60,yolov8_nano$dispatch_60_V256D128_rvv_curated_conv2d_s8_N1xIC64xIH10xIW10xOC64xOH10xOW10xKH3xKW3xSH1xSW1xPH1xPW1,,,3.248569,ms,3248569.000000,0,,firesim,conv2d_s8,N=1;IC=64;IH=10;IW=10;OC=64;OH=10;OW=10;KH=3;KW=3;SH=1;SW=1;PH=1;PW=1,3248569
61,yolov8_nano$dispatch_61_V256D128_rvv_curated_batchnorm2d_s8_N1xC64xH10xW10,,,0.544427,ms,544427.000000,0,,firesim,batchnorm2d_s8,N=1;C=64;H=10;W=10,544427
62,yolov8_nano$dispatch_62_V256D128_rvv_curated_silu_s8_n6400,,,1.724947,ms,1724947.000000,0,,firesim,silu_s8,n=6400,1724947
63,yolov8_nano$dispatch_63_V256D128_rvv_curated_conv2d_s8_N1xIC64xIH10xIW10xOC64xOH10xOW10xKH3xKW3xSH1xSW1xPH1xPW1,,,3.248712,ms,3248712.000000,0,,firesim,conv2d_s8,N=1;IC=64;IH=10;IW=10;OC=64;OH=10;OW=10;KH=3;KW=3;SH=1;SW=1;PH=1;PW=1,3248712
64,yolov8_nano$dispatch_64_V256D128_rvv_curated_batchnorm2d_s8_N1xC64xH10xW10,,,0.545404,ms,545404.000000,0,,firesim,batchnorm2d_s8,N=1;C=64;H=10;W=10,545404
65,yolov8_nano$dispatch_65_V256D128_rvv_curated_silu_s8_n6400,,,1.727560,ms,1727560.000000,0,,firesim,silu_s8,n=6400,1727560
66,yolov8_nano$dispatch_66_V256D128_rvv_curated_add_s8_n6400,,,0.525061,ms,525061.000000,0,,firesim,add_s8,n=6400,525061
67,yolov8_nano$dispatch_67_V256D128_rvv_curated_cat4_c1_s8_N1xH10xW10xC_inputs64646464xC_total256,,,1.870169,ms,1870169.000000,0,,firesim,cat4_c1_s8,N=1;H=10;W=10;C_inputs=64|64|64|64;C_total=256,1870169
68,yolov8_nano$dispatch_68_V256D128_rvv_curated_conv2d_s8_N1xIC256xIH10xIW10xOC128xOH10xOW10xKH1xKW1xSH1xSW1xPH0xPW0,,,5.274137,ms,5274137.000000,0,,firesim,conv2d_s8,N=1;IC=256;IH=10;IW=10;OC=128;OH=10;OW=10;KH=1;KW=1;SH=1;SW=1;PH=0;PW=0,5274137
69,yolov8_nano$dispatch_69_V256D128_rvv_curated_batchnorm2d_s8_N1xC128xH10xW10,,,1.083707,ms,1083707.000000,0,,firesim,batchnorm2d_s8,N=1;C=128;H=10;W=10,1083707
70,yolov8_nano$dispatch_70_V256D128_rvv_curated_silu_s8_n12800,,,3.409115,ms,3409115.000000,0,,firesim,silu_s8,n=12800,3409115
71,yolov8_nano$dispatch_71_V256D128_rvv_curated_conv2d_s8_N1xIC128xIH10xIW10xOC256xOH5xOW5xKH3xKW3xSH2xSW2xPH1xPW1,,,6.221590,ms,6221590.000000,0,,firesim,conv2d_s8,N=1;IC=128;IH=10;IW=10;OC=256;OH=5;OW=5;KH=3;KW=3;SH=2;SW=2;PH=1;PW=1,6221590
72,yolov8_nano$dispatch_72_V256D128_rvv_curated_batchnorm2d_s8_N1xC256xH5xW5,,,0.558788,ms,558788.000000,0,,firesim,batchnorm2d_s8,N=1;C=256;H=5;W=5,558788
73,yolov8_nano$dispatch_73_V256D128_rvv_curated_silu_s8_n6400,,,1.737811,ms,1737811.000000,0,,firesim,silu_s8,n=6400,1737811
74,yolov8_nano$dispatch_74_V256D128_rvv_curated_conv2d_s8_N1xIC256xIH5xIW5xOC256xOH5xOW5xKH1xKW1xSH1xSW1xPH0xPW0,,,2.578579,ms,2578579.000000,0,,firesim,conv2d_s8,N=1;IC=256;IH=5;IW=5;OC=256;OH=5;OW=5;KH=1;KW=1;SH=1;SW=1;PH=0;PW=0,2578579
75,yolov8_nano$dispatch_75_V256D128_rvv_curated_batchnorm2d_s8_N1xC256xH5xW5,,,0.562455,ms,562455.000000,0,,firesim,batchnorm2d_s8,N=1;C=256;H=5;W=5,562455
76,yolov8_nano$dispatch_76_V256D128_rvv_curated_silu_s8_n6400,,,1.775104,ms,1775104.000000,0,,firesim,silu_s8,n=6400,1775104
78,yolov8_nano$dispatch_78_V256D128_rvv_curated_conv2d_s8_N1xIC128xIH5xIW5xOC128xOH5xOW5xKH3xKW3xSH1xSW1xPH1xPW1,,,3.040593,ms,3040593.000000,0,,firesim,conv2d_s8,N=1;IC=128;IH=5;IW=5;OC=128;OH=5;OW=5;KH=3;KW=3;SH=1;SW=1;PH=1;PW=1,3040593
79,yolov8_nano$dispatch_79_V256D128_rvv_curated_batchnorm2d_s8_N1xC128xH5xW5,,,0.279472,ms,279472.000000,0,,firesim,batchnorm2d_s8,N=1;C=128;H=5;W=5,279472
80,yolov8_nano$dispatch_80_V256D128_rvv_curated_silu_s8_n3200,,,0.831206,ms,831206.000000,0,,firesim,silu_s8,n=3200,831206
81,yolov8_nano$dispatch_81_V256D128_rvv_curated_conv2d_s8_N1xIC128xIH5xIW5xOC128xOH5xOW5xKH3xKW3xSH1xSW1xPH1xPW1,,,3.043387,ms,3043387.000000,0,,firesim,conv2d_s8,N=1;IC=128;IH=5;IW=5;OC=128;OH=5;OW=5;KH=3;KW=3;SH=1;SW=1;PH=1;PW=1,3043387
82,yolov8_nano$dispatch_82_V256D128_rvv_curated_batchnorm2d_s8_N1xC128xH5xW5,,,0.281949,ms,281949.000000,0,,firesim,batchnorm2d_s8,N=1;C=128;H=5;W=5,281949
83,yolov8_nano$dispatch_83_V256D128_rvv_curated_silu_s8_n3200,,,0.835846,ms,835846.000000,0,,firesim,silu_s8,n=3200,835846
84,yolov8_nano$dispatch_84_V256D128_rvv_curated_add_s8_n3200,,,0.263010,ms,263010.000000,0,,firesim,add_s8,n=3200,263010
85,yolov8_nano$dispatch_85_V256D128_rvv_curated_cat3_c1_s8_N1xH5xW5xC_inputs128128128xC_total384,,,0.709752,ms,709752.000000,0,,firesim,cat3_c1_s8,N=1;H=5;W=5;C_inputs=128|128|128;C_total=384,709752
86,yolov8_nano$dispatch_86_V256D128_rvv_curated_conv2d_s8_N1xIC384xIH5xIW5xOC256xOH5xOW5xKH1xKW1xSH1xSW1xPH0xPW0,,,3.760279,ms,3760279.000000,0,,firesim,conv2d_s8,N=1;IC=384;IH=5;IW=5;OC=256;OH=5;OW=5;KH=1;KW=1;SH=1;SW=1;PH=0;PW=0,3760279
87,yolov8_nano$dispatch_87_V256D128_rvv_curated_batchnorm2d_s8_N1xC256xH5xW5,,,0.556975,ms,556975.000000,0,,firesim,batchnorm2d_s8,N=1;C=256;H=5;W=5,556975
88,yolov8_nano$dispatch_88_V256D128_rvv_curated_silu_s8_n6400,,,1.723185,ms,1723185.000000,0,,firesim,silu_s8,n=6400,1723185
89,yolov8_nano$dispatch_89_V256D128_rvv_curated_conv2d_s8_N1xIC256xIH5xIW5xOC128xOH5xOW5xKH1xKW1xSH1xSW1xPH0xPW0,,,1.290302,ms,1290302.000000,0,,firesim,conv2d_s8,N=1;IC=256;IH=5;IW=5;OC=128;OH=5;OW=5;KH=1;KW=1;SH=1;SW=1;PH=0;PW=0,1290302
90,yolov8_nano$dispatch_90_V256D128_rvv_curated_batchnorm2d_s8_N1xC128xH5xW5,,,0.276752,ms,276752.000000,0,,firesim,batchnorm2d_s8,N=1;C=128;H=5;W=5,276752
91,yolov8_nano$dispatch_91_V256D128_rvv_curated_silu_s8_n3200,,,0.912274,ms,912274.000000,0,,firesim,silu_s8,n=3200,912274
92,yolov8_nano$dispatch_92_V256D128_rvv_curated_maxpool2d_s8_N1xC128xIH5xIW5xOH5xOW5xKH5xKW5xSH1xSW1xPH2xPW2xDH1xDW1,,,1.252184,ms,1252184.000000,0,,firesim,maxpool2d_s8,N=1;C=128;IH=5;IW=5;OH=5;OW=5;KH=5;KW=5;SH=1;SW=1;PH=2;PW=2;DH=1;DW=1,1252184
93,yolov8_nano$dispatch_93_V256D128_rvv_curated_maxpool2d_s8_N1xC128xIH5xIW5xOH5xOW5xKH5xKW5xSH1xSW1xPH2xPW2xDH1xDW1,,,1.225438,ms,1225438.000000,0,,firesim,maxpool2d_s8,N=1;C=128;IH=5;IW=5;OH=5;OW=5;KH=5;KW=5;SH=1;SW=1;PH=2;PW=2;DH=1;DW=1,1225438
94,yolov8_nano$dispatch_94_V256D128_rvv_curated_maxpool2d_s8_N1xC128xIH5xIW5xOH5xOW5xKH5xKW5xSH1xSW1xPH2xPW2xDH1xDW1,,,1.212963,ms,1212963.000000,0,,firesim,maxpool2d_s8,N=1;C=128;IH=5;IW=5;OH=5;OW=5;KH=5;KW=5;SH=1;SW=1;PH=2;PW=2;DH=1;DW=1,1212963
95,yolov8_nano$dispatch_95_V256D128_rvv_curated_cat4_c1_s8_N1xH5xW5xC_inputs128128128128xC_total512,,,0.925018,ms,925018.000000,0,,firesim,cat4_c1_s8,N=1;H=5;W=5;C_inputs=128|128|128|128;C_total=512,925018
96,yolov8_nano$dispatch_96_V256D128_rvv_curated_conv2d_s8_N1xIC512xIH5xIW5xOC256xOH5xOW5xKH1xKW1xSH1xSW1xPH0xPW0,,,4.946780,ms,4946780.000000,0,,firesim,conv2d_s8,N=1;IC=512;IH=5;IW=5;OC=256;OH=5;OW=5;KH=1;KW=1;SH=1;SW=1;PH=0;PW=0,4946780
97,yolov8_nano$dispatch_97_V256D128_rvv_curated_batchnorm2d_s8_N1xC256xH5xW5,,,0.558209,ms,558209.000000,0,,firesim,batchnorm2d_s8,N=1;C=256;H=5;W=5,558209
98,yolov8_nano$dispatch_98_V256D128_rvv_curated_silu_s8_n6400,,,1.725742,ms,1725742.000000,0,,firesim,silu_s8,n=6400,1725742
99,yolov8_nano$dispatch_99_V256D128_rvv_curated_upsample_nearest_s8_N1xC256xIH5xIW5xscale2,,,0.761913,ms,761913.000000,0,,firesim,upsample_nearest_s8,N=1;C=256;IH=5;IW=5;scale=2,761913
100,yolov8_nano$dispatch_100_V256D128_rvv_curated_cat2_c1_s8_N1xH10xW10xC_inputs256128xC_total384,,,2.779097,ms,2779097.000000,0,,firesim,cat2_c1_s8,N=1;H=10;W=10;C_inputs=256|128;C_total=384,2779097
101,yolov8_nano$dispatch_101_V256D128_rvv_curated_conv2d_s8_N1xIC384xIH10xIW10xOC128xOH10xOW10xKH1xKW1xSH1xSW1xPH0xPW0,,,8.143591,ms,8143591.000000,0,,firesim,conv2d_s8,N=1;IC=384;IH=10;IW=10;OC=128;OH=10;OW=10;KH=1;KW=1;SH=1;SW=1;PH=0;PW=0,8143591
102,yolov8_nano$dispatch_102_V256D128_rvv_curated_batchnorm2d_s8_N1xC128xH10xW10,,,1.087666,ms,1087666.000000,0,,firesim,batchnorm2d_s8,N=1;C=128;H=10;W=10,1087666
103,yolov8_nano$dispatch_103_V256D128_rvv_curated_silu_s8_n12800,,,3.420374,ms,3420374.000000,0,,firesim,silu_s8,n=12800,3420374
105,yolov8_nano$dispatch_105_V256D128_rvv_curated_conv2d_s8_N1xIC64xIH10xIW10xOC64xOH10xOW10xKH3xKW3xSH1xSW1xPH1xPW1,,,3.248651,ms,3248651.000000,0,,firesim,conv2d_s8,N=1;IC=64;IH=10;IW=10;OC=64;OH=10;OW=10;KH=3;KW=3;SH=1;SW=1;PH=1;PW=1,3248651
106,yolov8_nano$dispatch_106_V256D128_rvv_curated_batchnorm2d_s8_N1xC64xH10xW10,,,0.543034,ms,543034.000000,0,,firesim,batchnorm2d_s8,N=1;C=64;H=10;W=10,543034
107,yolov8_nano$dispatch_107_V256D128_rvv_curated_silu_s8_n6400,,,1.708905,ms,1708905.000000,0,,firesim,silu_s8,n=6400,1708905
108,yolov8_nano$dispatch_108_V256D128_rvv_curated_conv2d_s8_N1xIC64xIH10xIW10xOC64xOH10xOW10xKH3xKW3xSH1xSW1xPH1xPW1,,,3.249285,ms,3249285.000000,0,,firesim,conv2d_s8,N=1;IC=64;IH=10;IW=10;OC=64;OH=10;OW=10;KH=3;KW=3;SH=1;SW=1;PH=1;PW=1,3249285
109,yolov8_nano$dispatch_109_V256D128_rvv_curated_batchnorm2d_s8_N1xC64xH10xW10,,,0.547799,ms,547799.000000,0,,firesim,batchnorm2d_s8,N=1;C=64;H=10;W=10,547799
110,yolov8_nano$dispatch_110_V256D128_rvv_curated_silu_s8_n6400,,,1.696218,ms,1696218.000000,0,,firesim,silu_s8,n=6400,1696218
111,yolov8_nano$dispatch_111_V256D128_rvv_curated_cat3_c1_s8_N1xH10xW10xC_inputs646464xC_total192,,,1.412348,ms,1412348.000000,0,,firesim,cat3_c1_s8,N=1;H=10;W=10;C_inputs=64|64|64;C_total=192,1412348
112,yolov8_nano$dispatch_112_V256D128_rvv_curated_conv2d_s8_N1xIC192xIH10xIW10xOC128xOH10xOW10xKH1xKW1xSH1xSW1xPH0xPW0,,,4.014447,ms,4014447.000000,0,,firesim,conv2d_s8,N=1;IC=192;IH=10;IW=10;OC=128;OH=10;OW=10;KH=1;KW=1;SH=1;SW=1;PH=0;PW=0,4014447
113,yolov8_nano$dispatch_113_V256D128_rvv_curated_batchnorm2d_s8_N1xC128xH10xW10,,,1.085765,ms,1085765.000000,0,,firesim,batchnorm2d_s8,N=1;C=128;H=10;W=10,1085765
114,yolov8_nano$dispatch_114_V256D128_rvv_curated_silu_s8_n12800,,,3.315570,ms,3315570.000000,0,,firesim,silu_s8,n=12800,3315570
115,yolov8_nano$dispatch_115_V256D128_rvv_curated_upsample_nearest_s8_N1xC128xIH10xIW10xscale2,,,1.184923,ms,1184923.000000,0,,firesim,upsample_nearest_s8,N=1;C=128;IH=10;IW=10;scale=2,1184923
116,yolov8_nano$dispatch_116_V256D128_rvv_curated_cat2_c1_s8_N1xH20xW20xC_inputs12864xC_total192,,,5.579372,ms,5579372.000000,0,,firesim,cat2_c1_s8,N=1;H=20;W=20;C_inputs=128|64;C_total=192,5579372
117,yolov8_nano$dispatch_117_V256D128_rvv_curated_conv2d_s8_N1xIC192xIH20xIW20xOC64xOH20xOW20xKH1xKW1xSH1xSW1xPH0xPW0,,,8.003427,ms,8003427.000000,0,,firesim,conv2d_s8,N=1;IC=192;IH=20;IW=20;OC=64;OH=20;OW=20;KH=1;KW=1;SH=1;SW=1;PH=0;PW=0,8003427
118,yolov8_nano$dispatch_118_V256D128_rvv_curated_batchnorm2d_s8_N1xC64xH20xW20,,,2.144725,ms,2144725.000000,0,,firesim,batchnorm2d_s8,N=1;C=64;H=20;W=20,2144725
119,yolov8_nano$dispatch_119_V256D128_rvv_curated_silu_s8_n25600,,,6.871045,ms,6871045.000000,0,,firesim,silu_s8,n=25600,6871045
121,yolov8_nano$dispatch_121_V256D128_rvv_curated_conv2d_s8_N1xIC32xIH20xIW20xOC32xOH20xOW20xKH3xKW3xSH1xSW1xPH1xPW1,,,3.521870,ms,3521870.000000,0,,firesim,conv2d_s8,N=1;IC=32;IH=20;IW=20;OC=32;OH=20;OW=20;KH=3;KW=3;SH=1;SW=1;PH=1;PW=1,3521870
122,yolov8_nano$dispatch_122_V256D128_rvv_curated_batchnorm2d_s8_N1xC32xH20xW20,,,1.079050,ms,1079050.000000,0,,firesim,batchnorm2d_s8,N=1;C=32;H=20;W=20,1079050
123,yolov8_nano$dispatch_123_V256D128_rvv_curated_silu_s8_n12800,,,3.401885,ms,3401885.000000,0,,firesim,silu_s8,n=12800,3401885
124,yolov8_nano$dispatch_124_V256D128_rvv_curated_conv2d_s8_N1xIC32xIH20xIW20xOC32xOH20xOW20xKH3xKW3xSH1xSW1xPH1xPW1,,,3.520801,ms,3520801.000000,0,,firesim,conv2d_s8,N=1;IC=32;IH=20;IW=20;OC=32;OH=20;OW=20;KH=3;KW=3;SH=1;SW=1;PH=1;PW=1,3520801
125,yolov8_nano$dispatch_125_V256D128_rvv_curated_batchnorm2d_s8_N1xC32xH20xW20,,,1.074075,ms,1074075.000000,0,,firesim,batchnorm2d_s8,N=1;C=32;H=20;W=20,1074075
126,yolov8_nano$dispatch_126_V256D128_rvv_curated_silu_s8_n12800,,,3.411322,ms,3411322.000000,0,,firesim,silu_s8,n=12800,3411322
127,yolov8_nano$dispatch_127_V256D128_rvv_curated_cat3_c1_s8_N1xH20xW20xC_inputs323232xC_total96,,,2.789913,ms,2789913.000000,0,,firesim,cat3_c1_s8,N=1;H=20;W=20;C_inputs=32|32|32;C_total=96,2789913
128,yolov8_nano$dispatch_128_V256D128_rvv_curated_conv2d_s8_N1xIC96xIH20xIW20xOC64xOH20xOW20xKH1xKW1xSH1xSW1xPH0xPW0,,,4.427794,ms,4427794.000000,0,,firesim,conv2d_s8,N=1;IC=96;IH=20;IW=20;OC=64;OH=20;OW=20;KH=1;KW=1;SH=1;SW=1;PH=0;PW=0,4427794
129,yolov8_nano$dispatch_129_V256D128_rvv_curated_batchnorm2d_s8_N1xC64xH20xW20,,,2.155771,ms,2155771.000000,0,,firesim,batchnorm2d_s8,N=1;C=64;H=20;W=20,2155771
130,yolov8_nano$dispatch_130_V256D128_rvv_curated_silu_s8_n25600,,,6.799943,ms,6799943.000000,0,,firesim,silu_s8,n=25600,6799943
131,yolov8_nano$dispatch_131_V256D128_rvv_curated_conv2d_s8_N1xIC64xIH20xIW20xOC64xOH10xOW10xKH3xKW3xSH2xSW2xPH1xPW1,,,3.296712,ms,3296712.000000,0,,firesim,conv2d_s8,N=1;IC=64;IH=20;IW=20;OC=64;OH=10;OW=10;KH=3;KW=3;SH=2;SW=2;PH=1;PW=1,3296712
132,yolov8_nano$dispatch_132_V256D128_rvv_curated_batchnorm2d_s8_N1xC64xH10xW10,,,0.548145,ms,548145.000000,0,,firesim,batchnorm2d_s8,N=1;C=64;H=10;W=10,548145
133,yolov8_nano$dispatch_133_V256D128_rvv_curated_silu_s8_n6400,,,1.709252,ms,1709252.000000,0,,firesim,silu_s8,n=6400,1709252
134,yolov8_nano$dispatch_134_V256D128_rvv_curated_cat2_c1_s8_N1xH10xW10xC_inputs64128xC_total192,,,1.425714,ms,1425714.000000,0,,firesim,cat2_c1_s8,N=1;H=10;W=10;C_inputs=64|128;C_total=192,1425714
135,yolov8_nano$dispatch_135_V256D128_rvv_curated_conv2d_s8_N1xIC192xIH10xIW10xOC128xOH10xOW10xKH1xKW1xSH1xSW1xPH0xPW0,,,4.018048,ms,4018048.000000,0,,firesim,conv2d_s8,N=1;IC=192;IH=10;IW=10;OC=128;OH=10;OW=10;KH=1;KW=1;SH=1;SW=1;PH=0;PW=0,4018048
136,yolov8_nano$dispatch_136_V256D128_rvv_curated_batchnorm2d_s8_N1xC128xH10xW10,,,1.090874,ms,1090874.000000,0,,firesim,batchnorm2d_s8,N=1;C=128;H=10;W=10,1090874
137,yolov8_nano$dispatch_137_V256D128_rvv_curated_silu_s8_n12800,,,3.345179,ms,3345179.000000,0,,firesim,silu_s8,n=12800,3345179
139,yolov8_nano$dispatch_139_V256D128_rvv_curated_conv2d_s8_N1xIC64xIH10xIW10xOC64xOH10xOW10xKH3xKW3xSH1xSW1xPH1xPW1,,,3.247667,ms,3247667.000000,0,,firesim,conv2d_s8,N=1;IC=64;IH=10;IW=10;OC=64;OH=10;OW=10;KH=3;KW=3;SH=1;SW=1;PH=1;PW=1,3247667
140,yolov8_nano$dispatch_140_V256D128_rvv_curated_batchnorm2d_s8_N1xC64xH10xW10,,,0.545390,ms,545390.000000,0,,firesim,batchnorm2d_s8,N=1;C=64;H=10;W=10,545390
141,yolov8_nano$dispatch_141_V256D128_rvv_curated_silu_s8_n6400,,,1.686813,ms,1686813.000000,0,,firesim,silu_s8,n=6400,1686813
142,yolov8_nano$dispatch_142_V256D128_rvv_curated_conv2d_s8_N1xIC64xIH10xIW10xOC64xOH10xOW10xKH3xKW3xSH1xSW1xPH1xPW1,,,3.249769,ms,3249769.000000,0,,firesim,conv2d_s8,N=1;IC=64;IH=10;IW=10;OC=64;OH=10;OW=10;KH=3;KW=3;SH=1;SW=1;PH=1;PW=1,3249769
143,yolov8_nano$dispatch_143_V256D128_rvv_curated_batchnorm2d_s8_N1xC64xH10xW10,,,0.549702,ms,549702.000000,0,,firesim,batchnorm2d_s8,N=1;C=64;H=10;W=10,549702
144,yolov8_nano$dispatch_144_V256D128_rvv_curated_silu_s8_n6400,,,1.728098,ms,1728098.000000,0,,firesim,silu_s8,n=6400,1728098
145,yolov8_nano$dispatch_145_V256D128_rvv_curated_cat3_c1_s8_N1xH10xW10xC_inputs646464xC_total192,,,1.400553,ms,1400553.000000,0,,firesim,cat3_c1_s8,N=1;H=10;W=10;C_inputs=64|64|64;C_total=192,1400553
146,yolov8_nano$dispatch_146_V256D128_rvv_curated_conv2d_s8_N1xIC192xIH10xIW10xOC128xOH10xOW10xKH1xKW1xSH1xSW1xPH0xPW0,,,4.015993,ms,4015993.000000,0,,firesim,conv2d_s8,N=1;IC=192;IH=10;IW=10;OC=128;OH=10;OW=10;KH=1;KW=1;SH=1;SW=1;PH=0;PW=0,4015993
147,yolov8_nano$dispatch_147_V256D128_rvv_curated_batchnorm2d_s8_N1xC128xH10xW10,,,1.103390,ms,1103390.000000,0,,firesim,batchnorm2d_s8,N=1;C=128;H=10;W=10,1103390
148,yolov8_nano$dispatch_148_V256D128_rvv_curated_silu_s8_n12800,,,3.357079,ms,3357079.000000,0,,firesim,silu_s8,n=12800,3357079
149,yolov8_nano$dispatch_149_V256D128_rvv_curated_conv2d_s8_N1xIC128xIH10xIW10xOC128xOH5xOW5xKH3xKW3xSH2xSW2xPH1xPW1,,,3.108460,ms,3108460.000000,0,,firesim,conv2d_s8,N=1;IC=128;IH=10;IW=10;OC=128;OH=5;OW=5;KH=3;KW=3;SH=2;SW=2;PH=1;PW=1,3108460
150,yolov8_nano$dispatch_150_V256D128_rvv_curated_batchnorm2d_s8_N1xC128xH5xW5,,,0.283209,ms,283209.000000,0,,firesim,batchnorm2d_s8,N=1;C=128;H=5;W=5,283209
151,yolov8_nano$dispatch_151_V256D128_rvv_curated_silu_s8_n3200,,,0.847524,ms,847524.000000,0,,firesim,silu_s8,n=3200,847524
152,yolov8_nano$dispatch_152_V256D128_rvv_curated_cat2_c1_s8_N1xH5xW5xC_inputs128256xC_total384,,,0.711807,ms,711807.000000,0,,firesim,cat2_c1_s8,N=1;H=5;W=5;C_inputs=128|256;C_total=384,711807
153,yolov8_nano$dispatch_153_V256D128_rvv_curated_conv2d_s8_N1xIC384xIH5xIW5xOC256xOH5xOW5xKH1xKW1xSH1xSW1xPH0xPW0,,,3.765696,ms,3765696.000000,0,,firesim,conv2d_s8,N=1;IC=384;IH=5;IW=5;OC=256;OH=5;OW=5;KH=1;KW=1;SH=1;SW=1;PH=0;PW=0,3765696
154,yolov8_nano$dispatch_154_V256D128_rvv_curated_batchnorm2d_s8_N1xC256xH5xW5,,,0.560294,ms,560294.000000,0,,firesim,batchnorm2d_s8,N=1;C=256;H=5;W=5,560294
155,yolov8_nano$dispatch_155_V256D128_rvv_curated_silu_s8_n6400,,,1.717225,ms,1717225.000000,0,,firesim,silu_s8,n=6400,1717225
157,yolov8_nano$dispatch_157_V256D128_rvv_curated_conv2d_s8_N1xIC128xIH5xIW5xOC128xOH5xOW5xKH3xKW3xSH1xSW1xPH1xPW1,,,3.040718,ms,3040718.000000,0,,firesim,conv2d_s8,N=1;IC=128;IH=5;IW=5;OC=128;OH=5;OW=5;KH=3;KW=3;SH=1;SW=1;PH=1;PW=1,3040718
158,yolov8_nano$dispatch_158_V256D128_rvv_curated_batchnorm2d_s8_N1xC128xH5xW5,,,0.281934,ms,281934.000000,0,,firesim,batchnorm2d_s8,N=1;C=128;H=5;W=5,281934
159,yolov8_nano$dispatch_159_V256D128_rvv_curated_silu_s8_n3200,,,0.080799,ms,80799.000000,0,,firesim,silu_s8,n=3200,80799
160,yolov8_nano$dispatch_160_V256D128_rvv_curated_conv2d_s8_N1xIC128xIH5xIW5xOC128xOH5xOW5xKH3xKW3xSH1xSW1xPH1xPW1,,,3.039529,ms,3039529.000000,0,,firesim,conv2d_s8,N=1;IC=128;IH=5;IW=5;OC=128;OH=5;OW=5;KH=3;KW=3;SH=1;SW=1;PH=1;PW=1,3039529
161,yolov8_nano$dispatch_161_V256D128_rvv_curated_batchnorm2d_s8_N1xC128xH5xW5,,,0.281187,ms,281187.000000,0,,firesim,batchnorm2d_s8,N=1;C=128;H=5;W=5,281187
162,yolov8_nano$dispatch_162_V256D128_rvv_curated_silu_s8_n3200,,,0.877437,ms,877437.000000,0,,firesim,silu_s8,n=3200,877437
163,yolov8_nano$dispatch_163_V256D128_rvv_curated_cat3_c1_s8_N1xH5xW5xC_inputs128128128xC_total384,,,0.714475,ms,714475.000000,0,,firesim,cat3_c1_s8,N=1;H=5;W=5;C_inputs=128|128|128;C_total=384,714475
164,yolov8_nano$dispatch_164_V256D128_rvv_curated_conv2d_s8_N1xIC384xIH5xIW5xOC256xOH5xOW5xKH1xKW1xSH1xSW1xPH0xPW0,,,3.759431,ms,3759431.000000,0,,firesim,conv2d_s8,N=1;IC=384;IH=5;IW=5;OC=256;OH=5;OW=5;KH=1;KW=1;SH=1;SW=1;PH=0;PW=0,3759431
165,yolov8_nano$dispatch_165_V256D128_rvv_curated_batchnorm2d_s8_N1xC256xH5xW5,,,0.559751,ms,559751.000000,0,,firesim,batchnorm2d_s8,N=1;C=256;H=5;W=5,559751
166,yolov8_nano$dispatch_166_V256D128_rvv_curated_silu_s8_n6400,,,1.700857,ms,1700857.000000,0,,firesim,silu_s8,n=6400,1700857
167,yolov8_nano$dispatch_167_V256D128_rvv_curated_conv2d_s8_N1xIC64xIH20xIW20xOC64xOH20xOW20xKH3xKW3xSH1xSW1xPH1xPW1,,,13.202926,ms,13202926.000000,0,,firesim,conv2d_s8,N=1;IC=64;IH=20;IW=20;OC=64;OH=20;OW=20;KH=3;KW=3;SH=1;SW=1;PH=1;PW=1,13202926
168,yolov8_nano$dispatch_168_V256D128_rvv_curated_batchnorm2d_s8_N1xC64xH20xW20,,,2.175452,ms,2175452.000000,0,,firesim,batchnorm2d_s8,N=1;C=64;H=20;W=20,2175452
169,yolov8_nano$dispatch_169_V256D128_rvv_curated_silu_s8_n25600,,,6.848175,ms,6848175.000000,0,,firesim,silu_s8,n=25600,6848175
170,yolov8_nano$dispatch_170_V256D128_rvv_curated_conv2d_s8_N1xIC64xIH20xIW20xOC64xOH20xOW20xKH3xKW3xSH1xSW1xPH1xPW1,,,13.184258,ms,13184258.000000,0,,firesim,conv2d_s8,N=1;IC=64;IH=20;IW=20;OC=64;OH=20;OW=20;KH=3;KW=3;SH=1;SW=1;PH=1;PW=1,13184258
171,yolov8_nano$dispatch_171_V256D128_rvv_curated_batchnorm2d_s8_N1xC64xH20xW20,,,2.166622,ms,2166622.000000,0,,firesim,batchnorm2d_s8,N=1;C=64;H=20;W=20,2166622
172,yolov8_nano$dispatch_172_V256D128_rvv_curated_silu_s8_n25600,,,7.069574,ms,7069574.000000,0,,firesim,silu_s8,n=25600,7069574
173,yolov8_nano$dispatch_173_V256D128_rvv_curated_conv2d_s8_N1xIC64xIH20xIW20xOC64xOH20xOW20xKH1xKW1xSH1xSW1xPH0xPW0,,,3.269573,ms,3269573.000000,0,,firesim,conv2d_s8,N=1;IC=64;IH=20;IW=20;OC=64;OH=20;OW=20;KH=1;KW=1;SH=1;SW=1;PH=0;PW=0,3269573
174,yolov8_nano$dispatch_174_V256D128_rvv_curated_conv2d_s8_N1xIC64xIH20xIW20xOC80xOH20xOW20xKH3xKW3xSH1xSW1xPH1xPW1,,,19.595532,ms,19595532.000000,0,,firesim,conv2d_s8,N=1;IC=64;IH=20;IW=20;OC=80;OH=20;OW=20;KH=3;KW=3;SH=1;SW=1;PH=1;PW=1,19595532
175,yolov8_nano$dispatch_175_V256D128_rvv_curated_batchnorm2d_s8_N1xC80xH20xW20,,,2.697671,ms,2697671.000000,0,,firesim,batchnorm2d_s8,N=1;C=80;H=20;W=20,2697671
176,yolov8_nano$dispatch_176_V256D128_rvv_curated_silu_s8_n32000,,,8.499581,ms,8499581.000000,0,,firesim,silu_s8,n=32000,8499581
177,yolov8_nano$dispatch_177_V256D128_rvv_curated_conv2d_s8_N1xIC80xIH20xIW20xOC80xOH20xOW20xKH3xKW3xSH1xSW1xPH1xPW1,,,24.208887,ms,24208887.000000,0,,firesim,conv2d_s8,N=1;IC=80;IH=20;IW=20;OC=80;OH=20;OW=20;KH=3;KW=3;SH=1;SW=1;PH=1;PW=1,24208887
178,yolov8_nano$dispatch_178_V256D128_rvv_curated_batchnorm2d_s8_N1xC80xH20xW20,,,2.711874,ms,2711874.000000,0,,firesim,batchnorm2d_s8,N=1;C=80;H=20;W=20,2711874
179,yolov8_nano$dispatch_179_V256D128_rvv_curated_silu_s8_n32000,,,8.876428,ms,8876428.000000,0,,firesim,silu_s8,n=32000,8876428
180,yolov8_nano$dispatch_180_V256D128_rvv_curated_conv2d_s8_N1xIC80xIH20xIW20xOC80xOH20xOW20xKH1xKW1xSH1xSW1xPH0xPW0,,,5.573288,ms,5573288.000000,0,,firesim,conv2d_s8,N=1;IC=80;IH=20;IW=20;OC=80;OH=20;OW=20;KH=1;KW=1;SH=1;SW=1;PH=0;PW=0,5573288
181,yolov8_nano$dispatch_181_V256D128_rvv_curated_cat2_c1_s8_N1xH20xW20xC_inputs6480xC_total144,,,4.218651,ms,4218651.000000,0,,firesim,cat2_c1_s8,N=1;H=20;W=20;C_inputs=64|80;C_total=144,4218651
182,yolov8_nano$dispatch_182_V256D128_rvv_curated_conv2d_s8_N1xIC128xIH10xIW10xOC64xOH10xOW10xKH3xKW3xSH1xSW1xPH1xPW1,,,6.277041,ms,6277041.000000,0,,firesim,conv2d_s8,N=1;IC=128;IH=10;IW=10;OC=64;OH=10;OW=10;KH=3;KW=3;SH=1;SW=1;PH=1;PW=1,6277041
183,yolov8_nano$dispatch_183_V256D128_rvv_curated_batchnorm2d_s8_N1xC64xH10xW10,,,0.549638,ms,549638.000000,0,,firesim,batchnorm2d_s8,N=1;C=64;H=10;W=10,549638
184,yolov8_nano$dispatch_184_V256D128_rvv_curated_silu_s8_n6400,,,1.737154,ms,1737154.000000,0,,firesim,silu_s8,n=6400,1737154
185,yolov8_nano$dispatch_185_V256D128_rvv_curated_conv2d_s8_N1xIC64xIH10xIW10xOC64xOH10xOW10xKH3xKW3xSH1xSW1xPH1xPW1,,,3.243420,ms,3243420.000000,0,,firesim,conv2d_s8,N=1;IC=64;IH=10;IW=10;OC=64;OH=10;OW=10;KH=3;KW=3;SH=1;SW=1;PH=1;PW=1,3243420
186,yolov8_nano$dispatch_186_V256D128_rvv_curated_batchnorm2d_s8_N1xC64xH10xW10,,,0.550513,ms,550513.000000,0,,firesim,batchnorm2d_s8,N=1;C=64;H=10;W=10,550513
187,yolov8_nano$dispatch_187_V256D128_rvv_curated_silu_s8_n6400,,,1.794060,ms,1794060.000000,0,,firesim,silu_s8,n=6400,1794060
188,yolov8_nano$dispatch_188_V256D128_rvv_curated_conv2d_s8_N1xIC64xIH10xIW10xOC64xOH10xOW10xKH1xKW1xSH1xSW1xPH0xPW0,,,13.129830,ms,13129830.000000,0,,firesim,conv2d_s8,N=1;IC=64;IH=10;IW=10;OC=64;OH=10;OW=10;KH=1;KW=1;SH=1;SW=1;PH=0;PW=0,13129830
189,yolov8_nano$dispatch_189_V256D128_rvv_curated_conv2d_s8_N1xIC128xIH10xIW10xOC80xOH10xOW10xKH3xKW3xSH1xSW1xPH1xPW1,,,9.354232,ms,9354232.000000,0,,firesim,conv2d_s8,N=1;IC=128;IH=10;IW=10;OC=80;OH=10;OW=10;KH=3;KW=3;SH=1;SW=1;PH=1;PW=1,9354232
190,yolov8_nano$dispatch_190_V256D128_rvv_curated_batchnorm2d_s8_N1xC80xH10xW10,,,0.689126,ms,689126.000000,0,,firesim,batchnorm2d_s8,N=1;C=80;H=10;W=10,689126
191,yolov8_nano$dispatch_191_V256D128_rvv_curated_silu_s8_n8000,,,2.071611,ms,2071611.000000,0,,firesim,silu_s8,n=8000,2071611
192,yolov8_nano$dispatch_192_V256D128_rvv_curated_conv2d_s8_N1xIC80xIH10xIW10xOC80xOH10xOW10xKH3xKW3xSH1xSW1xPH1xPW1,,,5.953658,ms,5953658.000000,0,,firesim,conv2d_s8,N=1;IC=80;IH=10;IW=10;OC=80;OH=10;OW=10;KH=3;KW=3;SH=1;SW=1;PH=1;PW=1,5953658
193,yolov8_nano$dispatch_193_V256D128_rvv_curated_batchnorm2d_s8_N1xC80xH10xW10,,,0.683592,ms,683592.000000,0,,firesim,batchnorm2d_s8,N=1;C=80;H=10;W=10,683592
194,yolov8_nano$dispatch_194_V256D128_rvv_curated_silu_s8_n8000,,,2.163870,ms,2163870.000000,0,,firesim,silu_s8,n=8000,2163870
195,yolov8_nano$dispatch_195_V256D128_rvv_curated_conv2d_s8_N1xIC80xIH10xIW10xOC80xOH10xOW10xKH1xKW1xSH1xSW1xPH0xPW0,,,20.410251,ms,20410251.000000,0,,firesim,conv2d_s8,N=1;IC=80;IH=10;IW=10;OC=80;OH=10;OW=10;KH=1;KW=1;SH=1;SW=1;PH=0;PW=0,20410251
196,yolov8_nano$dispatch_196_V256D128_rvv_curated_cat2_c1_s8_N1xH10xW10xC_inputs6480xC_total144,,,1.060866,ms,1060866.000000,0,,firesim,cat2_c1_s8,N=1;H=10;W=10;C_inputs=64|80;C_total=144,1060866
197,yolov8_nano$dispatch_197_V256D128_rvv_curated_conv2d_s8_N1xIC256xIH5xIW5xOC64xOH5xOW5xKH3xKW3xSH1xSW1xPH1xPW1,,,2.983617,ms,2983617.000000,0,,firesim,conv2d_s8,N=1;IC=256;IH=5;IW=5;OC=64;OH=5;OW=5;KH=3;KW=3;SH=1;SW=1;PH=1;PW=1,2983617
198,yolov8_nano$dispatch_198_V256D128_rvv_curated_batchnorm2d_s8_N1xC64xH5xW5,,,0.140560,ms,140560.000000,0,,firesim,batchnorm2d_s8,N=1;C=64;H=5;W=5,140560
199,yolov8_nano$dispatch_199_V256D128_rvv_curated_silu_s8_n1600,,,0.442693,ms,442693.000000,0,,firesim,silu_s8,n=1600,442693
200,yolov8_nano$dispatch_200_V256D128_rvv_curated_conv2d_s8_N1xIC64xIH5xIW5xOC64xOH5xOW5xKH3xKW3xSH1xSW1xPH1xPW1,,,0.786210,ms,786210.000000,0,,firesim,conv2d_s8,N=1;IC=64;IH=5;IW=5;OC=64;OH=5;OW=5;KH=3;KW=3;SH=1;SW=1;PH=1;PW=1,786210
201,yolov8_nano$dispatch_201_V256D128_rvv_curated_batchnorm2d_s8_N1xC64xH5xW5,,,0.140629,ms,140629.000000,0,,firesim,batchnorm2d_s8,N=1;C=64;H=5;W=5,140629
202,yolov8_nano$dispatch_202_V256D128_rvv_curated_silu_s8_n1600,,,0.448078,ms,448078.000000,0,,firesim,silu_s8,n=1600,448078
203,yolov8_nano$dispatch_203_V256D128_rvv_curated_conv2d_s8_N1xIC64xIH5xIW5xOC64xOH5xOW5xKH1xKW1xSH1xSW1xPH0xPW0,,,3.290537,ms,3290537.000000,0,,firesim,conv2d_s8,N=1;IC=64;IH=5;IW=5;OC=64;OH=5;OW=5;KH=1;KW=1;SH=1;SW=1;PH=0;PW=0,3290537
204,yolov8_nano$dispatch_204_V256D128_rvv_curated_conv2d_s8_N1xIC256xIH5xIW5xOC80xOH5xOW5xKH3xKW3xSH1xSW1xPH1xPW1,,,4.461487,ms,4461487.000000,0,,firesim,conv2d_s8,N=1;IC=256;IH=5;IW=5;OC=80;OH=5;OW=5;KH=3;KW=3;SH=1;SW=1;PH=1;PW=1,4461487
205,yolov8_nano$dispatch_205_V256D128_rvv_curated_batchnorm2d_s8_N1xC80xH5xW5,,,0.176198,ms,176198.000000,0,,firesim,batchnorm2d_s8,N=1;C=80;H=5;W=5,176198
206,yolov8_nano$dispatch_206_V256D128_rvv_curated_silu_s8_n2000,,,0.531319,ms,531319.000000,0,,firesim,silu_s8,n=2000,531319
207,yolov8_nano$dispatch_207_V256D128_rvv_curated_conv2d_s8_N1xIC80xIH5xIW5xOC80xOH5xOW5xKH3xKW3xSH1xSW1xPH1xPW1,,,1.442150,ms,1442150.000000,0,,firesim,conv2d_s8,N=1;IC=80;IH=5;IW=5;OC=80;OH=5;OW=5;KH=3;KW=3;SH=1;SW=1;PH=1;PW=1,1442150
208,yolov8_nano$dispatch_208_V256D128_rvv_curated_batchnorm2d_s8_N1xC80xH5xW5,,,0.176722,ms,176722.000000,0,,firesim,batchnorm2d_s8,N=1;C=80;H=5;W=5,176722
209,yolov8_nano$dispatch_209_V256D128_rvv_curated_silu_s8_n2000,,,0.547233,ms,547233.000000,0,,firesim,silu_s8,n=2000,547233
210,yolov8_nano$dispatch_210_V256D128_rvv_curated_conv2d_s8_N1xIC80xIH5xIW5xOC80xOH5xOW5xKH1xKW1xSH1xSW1xPH0xPW0,,,5.109027,ms,5109027.000000,0,,firesim,conv2d_s8,N=1;IC=80;IH=5;IW=5;OC=80;OH=5;OW=5;KH=1;KW=1;SH=1;SW=1;PH=0;PW=0,5109027
211,yolov8_nano$dispatch_211_V256D128_rvv_curated_cat2_c1_s8_N1xH5xW5xC_inputs6480xC_total144,,,0.007160,ms,7160.000000,0,,firesim,cat2_c1_s8,N=1;H=5;W=5;C_inputs=64|80;C_total=144,7160
